{
  "project_info": {
    "project_number": "173716976987",
    "firebase_url": "https://wallpaperhack-93d47.firebaseio.com",
    "project_id": "wallpaperhack-93d47",
    "storage_bucket": "wallpaperhack-93d47.appspot.com"
  },
  "client": [
    {
      "client_info": {
        "mobilesdk_app_id": "1:173716976987:android:1eebeec5ab14de73",
        "android_client_info": {
          "package_name": "com.example.wallpaperhack"
        }
      },
      "oauth_client": [
        {
          "client_id": "173716976987-b0gmenbgduu82pqv4qqg82gjlm96a2so.apps.googleusercontent.com",
          "client_type": 1,
          "android_info": {
            "package_name": "com.example.wallpaperhack",
            "certificate_hash": "3afc5a456800420d3284e72c98702ad73b21d749"
          }
        },
        {
          "client_id": "173716976987-pt85r2tt6ns5vsrmqep3tvftv7q0ffsa.apps.googleusercontent.com",
          "client_type": 3
        }
      ],
      "api_key": [
        {
          "current_key": "AIzaSyCBcFAwv6ZqSjBX0Qtpxz8813KVpwb68zM"
        }
      ],
      "services": {
        "appinvite_service": {
          "other_platform_oauth_client": [
            {
              "client_id": "173716976987-pt85r2tt6ns5vsrmqep3tvftv7q0ffsa.apps.googleusercontent.com",
              "client_type": 3
            }
          ]
        }
      }
    }
  ],
  "configuration_version": "1"
}